{
"metadata" : {
  "version" : "1.0"
},
"entries" : [
{
  "tags" : [
    "tagitup"
  ],
  "uuid" : "B170A345FD674AC0914ED14A672FDD5B",
  "text" : "# Blogging\nLorem ipsum dolor sit amet, nulla lacus, et diam. Eu velit donec, vestibulum sed, fringilla eros. Tempus ipsum in. Ultrices quam eleifend, ac odio nulla, vitae penatibus malesuada. Nulla neque eu, donec mauris, imperdiet fermentum a.\n\nPulvinar in integer, mauris amet, sed commodo. Ac turpis, metus at. Scelerisque elit est, malesuada ornare nibh, sociis dignissim. A mauris proin, felis magna, amet nec. Neque suspendisse, quis lacus sequi. Suspendisse purus.\n\nLaoreet facilisi. Viverra aliquam, mi ipsum libero. Massa sed in, suspendisse wisi, vel justo. Felis vestibulum vulputate, potenti placerat faucibus. Vestibulum mattis, vel ipsum.",
  "weather" : {
    "weatherServiceName" : "Forecast.io",
    "windBearing" : 72,
    "conditionsDescription" : "Partly Cloudy",
    "pressureMB" : 1007.92,
    "visibilityKM" : 16.09,
    "relativeHumidity" : 52,
    "windSpeedKPH" : 20.28,
    "weatherCode" : "partly-cloudy",
    "temperatureCelsius" : 27
  },
  "creationDate" : "2015-06-05T20:03:03Z",
  "location" : {
    "region" : {
      "center" : {
        "longitude" : -112.0726013183594,
        "latitude" : 33.44820022583008
      },
      "radius" : 75
    },
    "localityName" : "Phoenix",
    "country" : "United States",
    "longitude" : -112.0726,
    "administrativeArea" : "AZ",
    "placeName" : "Phoenix",
    "latitude" : 33.4482
  },
  "duration" : 0,
  "starred" : false,
  "timeZone" : "America\/Phoenix"
},
{
  "tags" : [
    "tagitup",
    "ms-tag"
  ],
  "uuid" : "6840CD4C731340E9AE722173ADCA0C80",
  "text" : "# New Entry\nLorem ipsum dolor sit amet, nulla lacus, et diam. Eu velit donec, vestibulum sed, fringilla eros. Tempus ipsum in. Ultrices quam eleifend, ac odio nulla, vitae penatibus malesuada. Nulla neque eu, donec mauris, imperdiet fermentum a.\n\nPulvinar in integer, mauris amet, sed commodo. Ac turpis, metus at. Scelerisque elit est, malesuada ornare nibh, sociis dignissim. A mauris proin, felis magna, amet nec. Neque suspendisse, quis lacus sequi. Suspendisse purus.\n\nLaoreet facilisi. Viverra aliquam, mi ipsum libero. Massa sed in, suspendisse wisi, vel justo. Felis vestibulum vulputate, potenti placerat faucibus. Vestibulum mattis, vel ipsum.",
  "weather" : {
    "weatherServiceName" : "Forecast.io",
    "windBearing" : 40,
    "conditionsDescription" : "Clear",
    "pressureMB" : 1020.9,
    "visibilityKM" : 9.98,
    "relativeHumidity" : 57,
    "windSpeedKPH" : 20.58,
    "weatherCode" : "clear",
    "temperatureCelsius" : 22
  },
  "creationDate" : "2015-10-20T06:03:03Z",
  "location" : {
    "region" : {
      "center" : {
        "longitude" : 153.0229949951172,
        "latitude" : -27.47002983093262
      },
      "radius" : 75
    },
    "localityName" : "Brisbane",
    "country" : "Australia",
    "longitude" : 153.023,
    "administrativeArea" : "QLD",
    "placeName" : "Brisbane",
    "latitude" : -27.47003
  },
  "duration" : 0,
  "starred" : false,
  "timeZone" : "Australia\/Brisbane"
},
{
  "tags" : [
    "tagitup",
    "ms-tag-2"
  ],
  "uuid" : "43989C49431F42BBA9F9DC66C71C7595",
  "text" : "# Next Entry\nLorem ipsum dolor sit amet, nulla lacus, et diam. Eu velit donec, vestibulum sed, fringilla eros. Tempus ipsum in. Ultrices quam eleifend, ac odio nulla, vitae penatibus malesuada. Nulla neque eu, donec mauris, imperdiet fermentum a.\n\nPulvinar in integer, mauris amet, sed commodo. Ac turpis, metus at. Scelerisque elit est, malesuada ornare nibh, sociis dignissim. A mauris proin, felis magna, amet nec. Neque suspendisse, quis lacus sequi. Suspendisse purus.\n\nLaoreet facilisi. Viverra aliquam, mi ipsum libero. Massa sed in, suspendisse wisi, vel justo. Felis vestibulum vulputate, potenti placerat faucibus. Vestibulum mattis, vel ipsum.",
  "weather" : {
    "weatherServiceName" : "Forecast.io",
    "windBearing" : 139,
    "conditionsDescription" : "Clear",
    "pressureMB" : 1022.3,
    "visibilityKM" : 9.83,
    "relativeHumidity" : 93,
    "windSpeedKPH" : 4.89,
    "weatherCode" : "clear",
    "temperatureCelsius" : 12
  },
  "creationDate" : "2015-11-05T15:03:05Z",
  "location" : {
    "region" : {
      "center" : {
        "longitude" : 13.41139984130859,
        "latitude" : 52.52341079711914
      },
      "radius" : 75
    },
    "localityName" : "Berlin",
    "country" : "Germany",
    "longitude" : 13.4114,
    "administrativeArea" : "Berlin",
    "placeName" : "Berlin",
    "latitude" : 52.52341
  },
  "duration" : 0,
  "starred" : false,
  "timeZone" : "Europe\/Berlin"
},
{
  "tags" : [
    "tagitup",
    "ms-tag-2"
  ],
  "uuid" : "7E27D47AA9224F108B2A4150506A8573",
  "text" : "# Entry\nLorem ipsum dolor sit amet, nulla lacus, et diam. Eu velit donec, vestibulum sed, fringilla eros. Tempus ipsum in. Ultrices quam eleifend, ac odio nulla, vitae penatibus malesuada. Nulla neque eu, donec mauris, imperdiet fermentum a.\n\nPulvinar in integer, mauris amet, sed commodo. Ac turpis, metus at. Scelerisque elit est, malesuada ornare nibh, sociis dignissim. A mauris proin, felis magna, amet nec. Neque suspendisse, quis lacus sequi. Suspendisse purus.\n\nLaoreet facilisi. Viverra aliquam, mi ipsum libero. Massa sed in, suspendisse wisi, vel justo. Felis vestibulum vulputate, potenti placerat faucibus. Vestibulum mattis, vel ipsum.",
  "weather" : {
    "weatherServiceName" : "Forecast.io",
    "windBearing" : 256,
    "conditionsDescription" : "Partly Cloudy",
    "pressureMB" : 1024.31,
    "visibilityKM" : 13.52,
    "relativeHumidity" : 69,
    "windSpeedKPH" : 6.76,
    "weatherCode" : "partly-cloudy",
    "temperatureCelsius" : 18
  },
  "creationDate" : "2015-11-11T15:03:04Z",
  "location" : {
    "region" : {
      "center" : {
        "longitude" : 12.49427032470703,
        "latitude" : 41.89056015014648
      },
      "radius" : 75
    },
    "localityName" : "Rome",
    "country" : "Italy",
    "longitude" : 12.49427,
    "administrativeArea" : "Lazio",
    "placeName" : "Rome",
    "latitude" : 41.89056
  },
  "duration" : 0,
  "starred" : false,
  "timeZone" : "Europe\/Rome"
},
{
  "tags" : [
    "tagitup",
    "ms-tag"
  ],
  "uuid" : "B42958BA2CB4494EA225A9ABF09FDB8A",
  "text" : "# Nice!\nLorem ipsum dolor sit amet, nulla lacus, et diam. Eu velit donec, vestibulum sed, fringilla eros. Tempus ipsum in. Ultrices quam eleifend, ac odio nulla, vitae penatibus malesuada. Nulla neque eu, donec mauris, imperdiet fermentum a.\n\nPulvinar in integer, mauris amet, sed commodo. Ac turpis, metus at. Scelerisque elit est, malesuada ornare nibh, sociis dignissim. A mauris proin, felis magna, amet nec. Neque suspendisse, quis lacus sequi. Suspendisse purus.\n\nLaoreet facilisi. Viverra aliquam, mi ipsum libero. Massa sed in, suspendisse wisi, vel justo. Felis vestibulum vulputate, potenti placerat faucibus. Vestibulum mattis, vel ipsum.",
  "weather" : {
    "weatherServiceName" : "Forecast.io",
    "windBearing" : 210,
    "conditionsDescription" : "Clear",
    "visibilityKM" : 9.98,
    "windSpeedKPH" : 24.14,
    "relativeHumidity" : 41,
    "weatherCode" : "clear",
    "temperatureCelsius" : 27
  },
  "creationDate" : "2016-01-06T19:03:09Z",
  "location" : {
    "region" : {
      "center" : {
        "longitude" : -70.66705322265625,
        "latitude" : -33.44599914550781
      },
      "radius" : 75
    },
    "localityName" : "Santiago",
    "country" : "Chile",
    "longitude" : -70.66705,
    "administrativeArea" : "Santiago",
    "placeName" : "Santiago",
    "latitude" : -33.446
  },
  "duration" : 0,
  "starred" : false,
  "timeZone" : "America\/Santiago"
},
{
  "tags" : [
    "tagitup"
  ],
  "uuid" : "103A7AC760624A0EA422A32434B6B446",
  "text" : "Lorem ipsum dolor sit amet, nulla lacus, et diam. Eu velit donec, vestibulum sed, fringilla eros. Tempus ipsum in. Ultrices quam eleifend, ac odio nulla, vitae penatibus malesuada. Nulla neque eu, donec mauris, imperdiet fermentum a.\n\nPulvinar in integer, mauris amet, sed commodo. Ac turpis, metus at. Scelerisque elit est, malesuada ornare nibh, sociis dignissim. A mauris proin, felis magna, amet nec. Neque suspendisse, quis lacus sequi. Suspendisse purus.\n\nLaoreet facilisi. Viverra aliquam, mi ipsum libero. Massa sed in, suspendisse wisi, vel justo. Felis vestibulum vulputate, potenti placerat faucibus. Vestibulum mattis, vel ipsum.",
  "weather" : {
    "weatherServiceName" : "Forecast.io",
    "windBearing" : 243,
    "conditionsDescription" : "Clear",
    "visibilityKM" : 9.96,
    "windSpeedKPH" : 20.36,
    "relativeHumidity" : 79,
    "weatherCode" : "clear",
    "temperatureCelsius" : 0
  },
  "creationDate" : "2016-02-05T13:03:08Z",
  "location" : {
    "region" : {
      "center" : {
        "longitude" : 37.61555099487305,
        "latitude" : 55.75222015380859
      },
      "radius" : 75
    },
    "localityName" : "Moscow",
    "country" : "Russia",
    "longitude" : 37.61555,
    "administrativeArea" : "Moscow",
    "placeName" : "Moscow",
    "latitude" : 55.75222
  },
  "duration" : 0,
  "starred" : false,
  "timeZone" : "Europe\/Moscow"
},
{
  "tags" : [
    "tagitup"
  ],
  "uuid" : "67757BC2D1074676B665336FBDF16836",
  "text" : "## Status Update\nLorem ipsum dolor sit amet, nulla lacus, et diam. Eu velit donec, vestibulum sed, fringilla eros. Tempus ipsum in. Ultrices quam eleifend, ac odio nulla, vitae penatibus malesuada. Nulla neque eu, donec mauris, imperdiet fermentum a.\n\nPulvinar in integer, mauris amet, sed commodo. Ac turpis, metus at. Scelerisque elit est, malesuada ornare nibh, sociis dignissim. A mauris proin, felis magna, amet nec. Neque suspendisse, quis lacus sequi. Suspendisse purus.\n\nLaoreet facilisi. Viverra aliquam, mi ipsum libero. Massa sed in, suspendisse wisi, vel justo. Felis vestibulum vulputate, potenti placerat faucibus. Vestibulum mattis, vel ipsum.",
  "weather" : {
    "weatherServiceName" : "Forecast.io",
    "windBearing" : 340,
    "conditionsDescription" : "Foggy",
    "visibilityKM" : 2.59,
    "windSpeedKPH" : 11.04,
    "relativeHumidity" : 27,
    "weatherCode" : "fog",
    "temperatureCelsius" : 25
  },
  "creationDate" : "2016-02-17T10:32:54Z",
  "location" : {
    "region" : {
      "center" : {
        "longitude" : 77.21678161621094,
        "latitude" : 28.6314697265625
      },
      "radius" : 75
    },
    "localityName" : "New Delhi",
    "country" : "India",
    "longitude" : 77.21678,
    "administrativeArea" : "Delhi",
    "placeName" : "New Delhi",
    "latitude" : 28.63147
  },
  "duration" : 0,
  "starred" : false,
  "timeZone" : "Asia\/Kolkata"
},
{
  "tags" : [
    "tagitup",
    "ms-tag-2"
  ],
  "uuid" : "BBEE72FDA5C843C58147D338B57775D8",
  "text" : "A funny thing happened\nLorem ipsum dolor sit amet, nulla lacus, et diam. Eu velit donec, vestibulum sed, fringilla eros. Tempus ipsum in. Ultrices quam eleifend, ac odio nulla, vitae penatibus malesuada. Nulla neque eu, donec mauris, imperdiet fermentum a.\n\nPulvinar in integer, mauris amet, sed commodo. Ac turpis, metus at. Scelerisque elit est, malesuada ornare nibh, sociis dignissim. A mauris proin, felis magna, amet nec. Neque suspendisse, quis lacus sequi. Suspendisse purus.\n\nLaoreet facilisi. Viverra aliquam, mi ipsum libero. Massa sed in, suspendisse wisi, vel justo. Felis vestibulum vulputate, potenti placerat faucibus. Vestibulum mattis, vel ipsum.",
  "weather" : {
    "weatherServiceName" : "Forecast.io",
    "windBearing" : 218,
    "conditionsDescription" : "Mostly Cloudy",
    "pressureMB" : 1019.23,
    "visibilityKM" : 16.09,
    "relativeHumidity" : 13,
    "windSpeedKPH" : 11.81,
    "weatherCode" : "partly-cloudy",
    "temperatureCelsius" : 16
  },
  "creationDate" : "2016-03-14T08:03:07Z",
  "location" : {
    "region" : {
      "center" : {
        "longitude" : 116.388298034668,
        "latitude" : 39.92889022827148
      },
      "radius" : 75
    },
    "localityName" : "Beijing",
    "country" : "China",
    "longitude" : 116.3883,
    "administrativeArea" : "Beijing",
    "placeName" : "Beijing",
    "latitude" : 39.92889
  },
  "duration" : 0,
  "starred" : false,
  "timeZone" : "Asia\/Shanghai"
},
{
  "tags" : [
    "tagitup",
    "ms-tag-2"
  ],
  "uuid" : "4F300E6B9008434BAC0F658D5C1B2C81",
  "text" : "Test Post\nLorem ipsum dolor sit amet, nulla lacus, et diam. Eu velit donec, vestibulum sed, fringilla eros. Tempus ipsum in. Ultrices quam eleifend, ac odio nulla, vitae penatibus malesuada. Nulla neque eu, donec mauris, imperdiet fermentum a.\n\nPulvinar in integer, mauris amet, sed commodo. Ac turpis, metus at. Scelerisque elit est, malesuada ornare nibh, sociis dignissim. A mauris proin, felis magna, amet nec. Neque suspendisse, quis lacus sequi. Suspendisse purus.\n\nLaoreet facilisi. Viverra aliquam, mi ipsum libero. Massa sed in, suspendisse wisi, vel justo. Felis vestibulum vulputate, potenti placerat faucibus. Vestibulum mattis, vel ipsum.",
  "weather" : {
    "weatherServiceName" : "Forecast.io",
    "windBearing" : 347,
    "conditionsDescription" : "Clear",
    "visibilityKM" : 9.98,
    "windSpeedKPH" : 10.64,
    "relativeHumidity" : 37,
    "weatherCode" : "clear",
    "temperatureCelsius" : 30
  },
  "creationDate" : "2016-04-21T19:03:07Z",
  "location" : {
    "region" : {
      "center" : {
        "longitude" : -46.63674163818359,
        "latitude" : -23.54739952087402
      },
      "radius" : 75
    },
    "localityName" : "São Paulo",
    "country" : "Brazil",
    "longitude" : -46.63674,
    "administrativeArea" : "SP",
    "placeName" : "São Paulo",
    "latitude" : -23.5474
  },
  "duration" : 0,
  "starred" : false,
  "timeZone" : "America\/Sao_Paulo"
},
{
  "tags" : [
    "tagitup",
    "ms-tag"
  ],
  "uuid" : "262E08DB037943738EF17E4F65AAF4A0",
  "text" : "# Cool!\nLorem ipsum dolor sit amet, nulla lacus, et diam. Eu velit donec, vestibulum sed, fringilla eros. Tempus ipsum in. Ultrices quam eleifend, ac odio nulla, vitae penatibus malesuada. Nulla neque eu, donec mauris, imperdiet fermentum a.\n\nPulvinar in integer, mauris amet, sed commodo. Ac turpis, metus at. Scelerisque elit est, malesuada ornare nibh, sociis dignissim. A mauris proin, felis magna, amet nec. Neque suspendisse, quis lacus sequi. Suspendisse purus.\n\nLaoreet facilisi. Viverra aliquam, mi ipsum libero. Massa sed in, suspendisse wisi, vel justo. Felis vestibulum vulputate, potenti placerat faucibus. Vestibulum mattis, vel ipsum.",
  "weather" : {
    "weatherServiceName" : "Forecast.io",
    "windBearing" : 180,
    "conditionsDescription" : "Clear",
    "pressureMB" : 1009.49,
    "visibilityKM" : 9.98,
    "relativeHumidity" : 62,
    "windSpeedKPH" : 20.12,
    "weatherCode" : "clear",
    "temperatureCelsius" : 25
  },
  "creationDate" : "2016-05-26T07:03:06Z",
  "location" : {
    "region" : {
      "center" : {
        "longitude" : 139.6916961669922,
        "latitude" : 35.68951034545898
      },
      "radius" : 75
    },
    "country" : "Japan",
    "longitude" : 139.6917,
    "administrativeArea" : "Tokyo",
    "placeName" : "Tokyo",
    "latitude" : 35.68951
  },
  "duration" : 0,
  "starred" : false,
  "timeZone" : "Asia\/Tokyo"
},
{
  "tags" : [
    "tagitup"
  ],
  "uuid" : "6A42937AC3D84D63BA7472F19FD53C58",
  "text" : "Test\nLorem ipsum dolor sit amet, nulla lacus, et diam. Eu velit donec, vestibulum sed, fringilla eros. Tempus ipsum in. Ultrices quam eleifend, ac odio nulla, vitae penatibus malesuada. Nulla neque eu, donec mauris, imperdiet fermentum a.\n\nPulvinar in integer, mauris amet, sed commodo. Ac turpis, metus at. Scelerisque elit est, malesuada ornare nibh, sociis dignissim. A mauris proin, felis magna, amet nec. Neque suspendisse, quis lacus sequi. Suspendisse purus.\n\nLaoreet facilisi. Viverra aliquam, mi ipsum libero. Massa sed in, suspendisse wisi, vel justo. Felis vestibulum vulputate, potenti placerat faucibus. Vestibulum mattis, vel ipsum.",
  "weather" : {
    "weatherServiceName" : "Forecast.io",
    "windBearing" : 136,
    "conditionsDescription" : "Dry",
    "pressureMB" : 1014.94,
    "visibilityKM" : 14.84,
    "relativeHumidity" : 29,
    "windSpeedKPH" : 12.59,
    "weatherCode" : "clear",
    "temperatureCelsius" : 25
  },
  "creationDate" : "2016-06-30T20:02:56Z",
  "location" : {
    "region" : {
      "center" : {
        "longitude" : -79.38170623779297,
        "latitude" : 43.65188980102539
      },
      "radius" : 75
    },
    "localityName" : "Toronto",
    "country" : "Canada",
    "longitude" : -79.38171,
    "administrativeArea" : "ON",
    "placeName" : "Toronto",
    "latitude" : 43.65189
  },
  "duration" : 0,
  "starred" : false,
  "timeZone" : "America\/Toronto"
},
{
  "tags" : [
    "tagitup",
    "ms-tag"
  ],
  "uuid" : "7D358D243FF14A1F8DAF56CF11BFEEB5",
  "text" : "Hello world\nLorem ipsum dolor sit amet, nulla lacus, et diam. Eu velit donec, vestibulum sed, fringilla eros. Tempus ipsum in. Ultrices quam eleifend, ac odio nulla, vitae penatibus malesuada. Nulla neque eu, donec mauris, imperdiet fermentum a.\n\nPulvinar in integer, mauris amet, sed commodo. Ac turpis, metus at. Scelerisque elit est, malesuada ornare nibh, sociis dignissim. A mauris proin, felis magna, amet nec. Neque suspendisse, quis lacus sequi. Suspendisse purus.\n\nLaoreet facilisi. Viverra aliquam, mi ipsum libero. Massa sed in, suspendisse wisi, vel justo. Felis vestibulum vulputate, potenti placerat faucibus. Vestibulum mattis, vel ipsum.",
  "weather" : {
    "weatherServiceName" : "Forecast.io",
    "conditionsDescription" : "Clear",
    "visibilityKM" : 8.05,
    "relativeHumidity" : 71,
    "weatherCode" : "clear",
    "temperatureCelsius" : 27
  },
  "creationDate" : "2016-07-04T10:18:05Z",
  "location" : {
    "region" : {
      "center" : {
        "longitude" : 86.92446136474609,
        "latitude" : 27.98737907409668
      },
      "radius" : 75
    },
    "longitude" : 86.92446,
    "placeName" : "Mount Everest",
    "latitude" : 27.98738
  },
  "duration" : 0,
  "starred" : false,
  "timeZone" : "Asia\/Kathmandu"
},
{
  "tags" : [
    "tagitup"
  ],
  "uuid" : "B0D26799021B4BFB85ED92E82C9BC102",
  "text" : "# Yo!\nLorem ipsum dolor sit amet, nulla lacus, et diam. Eu velit donec, vestibulum sed, fringilla eros. Tempus ipsum in. Ultrices quam eleifend, ac odio nulla, vitae penatibus malesuada. Nulla neque eu, donec mauris, imperdiet fermentum a.\n\nPulvinar in integer, mauris amet, sed commodo. Ac turpis, metus at. Scelerisque elit est, malesuada ornare nibh, sociis dignissim. A mauris proin, felis magna, amet nec. Neque suspendisse, quis lacus sequi. Suspendisse purus.\n\nLaoreet facilisi. Viverra aliquam, mi ipsum libero. Massa sed in, suspendisse wisi, vel justo. Felis vestibulum vulputate, potenti placerat faucibus. Vestibulum mattis, vel ipsum.",
  "weather" : {
    "weatherServiceName" : "Forecast.io",
    "windBearing" : 113,
    "conditionsDescription" : "Mostly Cloudy",
    "pressureMB" : 1008.72,
    "visibilityKM" : 13.81,
    "relativeHumidity" : 52,
    "windSpeedKPH" : 14.58,
    "weatherCode" : "partly-cloudy",
    "temperatureCelsius" : 23
  },
  "creationDate" : "2016-08-10T21:02:55Z",
  "location" : {
    "region" : {
      "center" : {
        "longitude" : -99.13169860839844,
        "latitude" : 19.43268966674805
      },
      "radius" : 75
    },
    "localityName" : "Mexico City",
    "country" : "Mexico",
    "longitude" : -99.1317,
    "administrativeArea" : "DF",
    "placeName" : "Mexico City",
    "latitude" : 19.43269
  },
  "duration" : 0,
  "starred" : false,
  "timeZone" : "America\/Mexico_City"
},
{
  "tags" : [
    "tagitup",
    "ms-tag-2"
  ],
  "uuid" : "31380C42B56246F98FA6411FC8B98F37",
  "text" : "Lorem ipsum dolor sit amet, nulla lacus, et diam. Eu velit donec, vestibulum sed, fringilla eros. Tempus ipsum in. Ultrices quam eleifend, ac odio nulla, vitae penatibus malesuada. Nulla neque eu, donec mauris, imperdiet fermentum a.\n\nPulvinar in integer, mauris amet, sed commodo. Ac turpis, metus at. Scelerisque elit est, malesuada ornare nibh, sociis dignissim. A mauris proin, felis magna, amet nec. Neque suspendisse, quis lacus sequi. Suspendisse purus.\n\nLaoreet facilisi. Viverra aliquam, mi ipsum libero. Massa sed in, suspendisse wisi, vel justo. Felis vestibulum vulputate, potenti placerat faucibus. Vestibulum mattis, vel ipsum.",
  "weather" : {
    "weatherServiceName" : "Forecast.io",
    "windBearing" : 102,
    "conditionsDescription" : "Mostly Cloudy",
    "pressureMB" : 1009.49,
    "visibilityKM" : 14,
    "relativeHumidity" : 43,
    "windSpeedKPH" : 15.69,
    "weatherCode" : "partly-cloudy",
    "temperatureCelsius" : 24
  },
  "creationDate" : "2016-08-18T15:02:57Z",
  "location" : {
    "region" : {
      "center" : {
        "longitude" : -0.1262362003326416,
        "latitude" : 51.50014877319336
      },
      "radius" : 75
    },
    "localityName" : "London",
    "country" : "United Kingdom",
    "longitude" : -0.1262362,
    "administrativeArea" : "England",
    "placeName" : "London",
    "latitude" : 51.50015
  },
  "duration" : 0,
  "starred" : false,
  "timeZone" : "Europe\/London"
},
{
  "tags" : [
    "tagitup",
    "ms-tag-2"
  ],
  "uuid" : "BB5E8E5F267F49419F605AC7A2F4B6B7",
  "text" : "# Title, title, title\n\nLorem ipsum dolor sit amet, nulla lacus, et diam. Eu velit donec, vestibulum sed, fringilla eros. Tempus ipsum in. Ultrices quam eleifend, ac odio nulla, vitae penatibus malesuada. Nulla neque eu, donec mauris, imperdiet fermentum a.\n\nPulvinar in integer, mauris amet, sed commodo. Ac turpis, metus at. Scelerisque elit est, malesuada ornare nibh, sociis dignissim. A mauris proin, felis magna, amet nec. Neque suspendisse, quis lacus sequi. Suspendisse purus.\n\nLaoreet facilisi. Viverra aliquam, mi ipsum libero. Massa sed in, suspendisse wisi, vel justo. Felis vestibulum vulputate, potenti placerat faucibus. Vestibulum mattis, vel ipsum.",
  "weather" : {
    "weatherServiceName" : "Forecast.io",
    "windBearing" : 153,
    "conditionsDescription" : "Partly Cloudy",
    "pressureMB" : 1019.35,
    "visibilityKM" : 16.09,
    "relativeHumidity" : 31,
    "windSpeedKPH" : 12.55,
    "weatherCode" : "partly-cloudy",
    "temperatureCelsius" : 27
  },
  "creationDate" : "2016-09-22T20:02:58Z",
  "location" : {
    "region" : {
      "center" : {
        "longitude" : -74.00723266601562,
        "latitude" : 40.71305084228516
      },
      "radius" : 75
    },
    "localityName" : "New York",
    "country" : "United States",
    "longitude" : -74.00723,
    "administrativeArea" : "NY",
    "placeName" : "New York",
    "latitude" : 40.71305
  },
  "duration" : 0,
  "starred" : false,
  "timeZone" : "America\/New_York"
},
{
  "tags" : [
    "tagitup",
    "ms-tag"
  ],
  "uuid" : "C9E377AC080D44A3A0CC79083603E447",
  "text" : "# Title Post\n\nLorem ipsum dolor sit amet, nulla lacus, et diam. Eu velit donec, vestibulum sed, fringilla eros. Tempus ipsum in. Ultrices quam eleifend, ac odio nulla, vitae penatibus malesuada. Nulla neque eu, donec mauris, imperdiet fermentum a.\n\nPulvinar in integer, mauris amet, sed commodo. Ac turpis, metus at. Scelerisque elit est, malesuada ornare nibh, sociis dignissim. A mauris proin, felis magna, amet nec. Neque suspendisse, quis lacus sequi. Suspendisse purus.\n\nLaoreet facilisi. Viverra aliquam, mi ipsum libero. Massa sed in, suspendisse wisi, vel justo. Felis vestibulum vulputate, potenti placerat faucibus. Vestibulum mattis, vel ipsum.",
  "weather" : {
    "weatherServiceName" : "Forecast.io",
    "windBearing" : 220,
    "conditionsDescription" : "Clear",
    "pressureMB" : 1016.21,
    "visibilityKM" : 16,
    "relativeHumidity" : 61,
    "windSpeedKPH" : 11.36,
    "weatherCode" : "clear",
    "temperatureCelsius" : 20
  },
  "creationDate" : "2016-10-12T23:02:58Z",
  "location" : {
    "region" : {
      "center" : {
        "longitude" : -118.2433013916016,
        "latitude" : 34.05223846435547
      },
      "radius" : 75
    },
    "localityName" : "Los Angeles",
    "country" : "United States",
    "longitude" : -118.2433,
    "administrativeArea" : "CA",
    "placeName" : "Los Angeles",
    "latitude" : 34.05224
  },
  "duration" : 0,
  "starred" : false,
  "timeZone" : "America\/Los_Angeles"
},
{
  "tags" : [
    "tagitup",
    "ms-tag-2"
  ],
  "uuid" : "D1021F7841464FA39B797F0928306147",
  "text" : "Lorem ipsum dolor sit amet, nulla lacus, et diam.\nEu velit donec, vestibulum sed, fringilla eros. Tempus ipsum in. Ultrices quam eleifend, ac odio nulla, vitae penatibus malesuada. Nulla neque eu, donec mauris, imperdiet fermentum a.\n\nPulvinar in integer, mauris amet, sed commodo. Ac turpis, metus at. Scelerisque elit est, malesuada ornare nibh, sociis dignissim. A mauris proin, felis magna, amet nec. Neque suspendisse, quis lacus sequi. Suspendisse purus.\n\nLaoreet facilisi. Viverra aliquam, mi ipsum libero. Massa sed in, suspendisse wisi, vel justo. Felis vestibulum vulputate, potenti placerat faucibus. Vestibulum mattis, vel ipsum.",
  "weather" : {
    "weatherServiceName" : "Forecast.io",
    "windBearing" : 300,
    "conditionsDescription" : "Clear",
    "windSpeedKPH" : 8.05,
    "relativeHumidity" : 0,
    "weatherCode" : "clear",
    "temperatureCelsius" : 21
  },
  "creationDate" : "2016-11-10T00:02:59Z",
  "location" : {
    "region" : {
      "center" : {
        "longitude" : -122.4201965332031,
        "latitude" : 37.78007888793945
      },
      "radius" : 75
    },
    "localityName" : "San Francisco",
    "country" : "United States",
    "longitude" : -122.4202,
    "administrativeArea" : "CA",
    "placeName" : "San Francisco",
    "latitude" : 37.78008
  },
  "duration" : 0,
  "starred" : false,
  "timeZone" : "America\/Los_Angeles"
},
{
  "tags" : [
    "tagitup",
    "ms-tag"
  ],
  "uuid" : "2174565DD70A4B1BA7D26D923C259ACF",
  "userActivity" : {
    "activityName" : "Stationary"
  },
  "text" : "This is an entry without a true title.\nBut Day One displays it as a title.\n\n![](dayone-moment:\/\/32D6CE65B798424B925687D91ECFEB13)",
  "weather" : {
    "sunsetDate" : "2016-12-02T00:50:26Z",
    "temperatureCelsius" : 12,
    "weatherServiceName" : "HAMweather",
    "windBearing" : 20,
    "sunriseDate" : "2016-12-01T15:05:15Z",
    "conditionsDescription" : "Sunny",
    "pressureMB" : 1021,
    "visibilityKM" : 16.09344,
    "relativeHumidity" : 62,
    "windSpeedKPH" : 7,
    "weatherCode" : "clear",
    "windChillCelsius" : 13
  },
  "location" : {
    "region" : {
      "center" : {
        "longitude" : -122.0300979614258,
        "latitude" : 37.33169937133789
      },
      "radius" : 75
    },
    "localityName" : "Cupertino",
    "country" : "United States",
    "longitude" : -122.0301,
    "administrativeArea" : "CA",
    "placeName" : "1 Infinite Loop",
    "latitude" : 37.3317
  },
  "photos" : [
    {
      "cameraMake" : "Apple",
      "fnumber" : "2.2",
      "orderInEntry" : 0,
      "lensMake" : "Apple",
      "width" : 2100,
      "cameraModel" : "iPhone 6s",
      "type" : "jpeg",
      "identifier" : "32D6CE65B798424B925687D91ECFEB13",
      "date" : "2016-10-08T23:01:53Z",
      "exposureBiasValue" : 0,
      "height" : 1575,
      "lensModel" : "iPhone 6s back camera 4.15mm f\/2.2",
      "md5" : "89ce6a400a9e082c2159b2ff1ebf9d31",
      "focalLength" : "4.15"
    }
  ],
  "duration" : 0,
  "starred" : false,
  "timeZone" : "America\/Los_Angeles",
  "creationDate" : "2016-12-01T18:45:54Z"
},
{
  "tags" : [
    "ms-tag-2",
    "tagitup",
    "ms-tag"
  ],
  "uuid" : "7E21765859D14C1AA653B2516BA8D1AE",
  "userActivity" : {
    "activityName" : "Eating"
  },
  "text" : "# This is a new entry\nHey! This is a Day One journal that will be built with Metalsmith!\n\nI'm adding some tags to this entry.\n\n![](dayone-moment:\/\/7CDE5051DC564B6DA4F89A6941856693)",
  "weather" : {
    "sunsetDate" : "2016-12-05T21:28:14Z",
    "temperatureCelsius" : 6,
    "weatherServiceName" : "HAMweather",
    "windBearing" : 250,
    "sunriseDate" : "2016-12-05T12:05:51Z",
    "conditionsDescription" : "Cloudy",
    "pressureMB" : 1016,
    "visibilityKM" : 14.4841,
    "relativeHumidity" : 82,
    "windSpeedKPH" : 15,
    "weatherCode" : "cloudy",
    "windChillCelsius" : 3
  },
  "location" : {
    "region" : {
      "center" : {
        "longitude" : -73.99343872070312,
        "latitude" : 40.75053024291992
      },
      "radius" : 75
    },
    "localityName" : "New York",
    "country" : "United States",
    "longitude" : -73.99344,
    "administrativeArea" : "NY",
    "placeName" : "Madison Square Garden",
    "latitude" : 40.75053
  },
  "photos" : [
    {
      "cameraMake" : "Apple",
      "fnumber" : "2.2",
      "orderInEntry" : 0,
      "lensMake" : "Apple",
      "width" : 2100,
      "cameraModel" : "iPhone 6s",
      "type" : "jpeg",
      "identifier" : "7CDE5051DC564B6DA4F89A6941856693",
      "date" : "2016-11-04T22:07:50Z",
      "exposureBiasValue" : 0,
      "height" : 1575,
      "lensModel" : "iPhone 6s back camera 4.15mm f\/2.2",
      "md5" : "267d5276fabc6b553ce955fa04694f01",
      "focalLength" : "4.15"
    }
  ],
  "duration" : 0,
  "starred" : false,
  "timeZone" : "America\/New_York",
  "creationDate" : "2016-12-05T15:44:45Z"
}
]}