{
"metadata" : {
  "version" : "1.0"
},
"entries" : [
{
  "tags" : [
    "ms-tag"
  ],
  "uuid" : "2174565DD70A4B1BA7D26D923C259ACF",
  "userActivity" : {
    "activityName" : "Stationary"
  },
  "text" : "This is an entry without a true title.\nBut Day One displays it as a title.\n\n![](dayone-moment:\/\/32D6CE65B798424B925687D91ECFEB13)",
  "weather" : {
    "sunsetDate" : "2016-12-02T00:50:26Z",
    "temperatureCelsius" : 12,
    "weatherServiceName" : "HAMweather",
    "windBearing" : 20,
    "sunriseDate" : "2016-12-01T15:05:15Z",
    "conditionsDescription" : "Sunny",
    "pressureMB" : 1021,
    "visibilityKM" : 16.09344,
    "relativeHumidity" : 62,
    "windSpeedKPH" : 7,
    "weatherCode" : "clear",
    "windChillCelsius" : 13
  },
  "location" : {
    "region" : {
      "center" : {
        "longitude" : -122.0300979614258,
        "latitude" : 37.33169937133789
      },
      "radius" : 75
    },
    "localityName" : "Cupertino",
    "country" : "United States",
    "longitude" : -122.0301,
    "administrativeArea" : "CA",
    "placeName" : "1 Infinite Loop",
    "latitude" : 37.3317
  },
  "photos" : [
    {
      "cameraMake" : "Apple",
      "fnumber" : "2.2",
      "orderInEntry" : 0,
      "lensMake" : "Apple",
      "width" : 2100,
      "cameraModel" : "iPhone 6s",
      "type" : "jpeg",
      "identifier" : "32D6CE65B798424B925687D91ECFEB13",
      "date" : "2016-10-08T23:01:53Z",
      "exposureBiasValue" : 0,
      "height" : 1575,
      "lensModel" : "iPhone 6s back camera 4.15mm f\/2.2",
      "md5" : "89ce6a400a9e082c2159b2ff1ebf9d31",
      "focalLength" : "4.15"
    }
  ],
  "duration" : 0,
  "starred" : false,
  "timeZone" : "America\/Los_Angeles",
  "creationDate" : "2016-12-01T18:45:54Z"
},
{
  "tags" : [
    "ms-tag-2",
    "ms-tag"
  ],
  "uuid" : "7E21765859D14C1AA653B2516BA8D1AE",
  "userActivity" : {
    "activityName" : "Eating"
  },
  "text" : "# This is a new entry\nHey! This is a Day One journal that will be built with Metalsmith!\n\nI'm adding some tags to this entry.\n\n![](dayone-moment:\/\/7CDE5051DC564B6DA4F89A6941856693)",
  "weather" : {
    "sunsetDate" : "2016-12-05T21:28:14Z",
    "temperatureCelsius" : 6,
    "weatherServiceName" : "HAMweather",
    "windBearing" : 250,
    "sunriseDate" : "2016-12-05T12:05:51Z",
    "conditionsDescription" : "Cloudy",
    "pressureMB" : 1016,
    "visibilityKM" : 14.4841,
    "relativeHumidity" : 82,
    "windSpeedKPH" : 15,
    "weatherCode" : "cloudy",
    "windChillCelsius" : 3
  },
  "location" : {
    "region" : {
      "center" : {
        "longitude" : -73.99343872070312,
        "latitude" : 40.75053024291992
      },
      "radius" : 75
    },
    "localityName" : "New York",
    "country" : "United States",
    "longitude" : -73.99344,
    "administrativeArea" : "NY",
    "placeName" : "Madison Square Garden",
    "latitude" : 40.75053
  },
  "photos" : [
    {
      "cameraMake" : "Apple",
      "fnumber" : "2.2",
      "orderInEntry" : 0,
      "lensMake" : "Apple",
      "width" : 2100,
      "cameraModel" : "iPhone 6s",
      "type" : "jpeg",
      "identifier" : "7CDE5051DC564B6DA4F89A6941856693",
      "date" : "2016-11-04T22:07:50Z",
      "exposureBiasValue" : 0,
      "height" : 1575,
      "lensModel" : "iPhone 6s back camera 4.15mm f\/2.2",
      "md5" : "267d5276fabc6b553ce955fa04694f01",
      "focalLength" : "4.15"
    }
  ],
  "duration" : 0,
  "starred" : false,
  "timeZone" : "America\/New_York",
  "creationDate" : "2016-12-05T15:44:45Z"
}
]}